[
  {
    "value": "라면",
    "synonyms": [
      "라면",
      "라멘",
      "ramen"
    ]
  },
  {
    "value": "물",
    "synonyms": [
      "물",
      "생수",
      "워터",
      "water"
    ]
  },
  {
    "value": "국수",
    "synonyms": [
      "국수",
      "소면"
    ]
  },
  {
    "value": "생선",
    "synonyms": [
      "생선",
      "고등어",
      "멸치"
    ]
  },
  {
    "value": "토마토",
    "synonyms": [
      "토마토",
      "방울토마토",
      "왕토마토"
    ]
  },
  {
    "value": "소고기",
    "synonyms": [
      "소고기",
      "항정살",
      "가브리살",
      "우삼겹"
    ]
  },
  {
    "value": "김치",
    "synonyms": [
      "김치",
      "배추김치",
      "깍두기",
      "총각김치"
    ]
  }
]