[
  {
    "id": "45825e0d-f213-463e-8d87-c533223ae579",
    "data": [
      {
        "text": "생선",
        "alias": "item",
        "meta": "@item",
        "userDefined": false
      }
    ],
    "isTemplate": false,
    "count": 0,
    "updated": 0
  },
  {
    "id": "4a4c7a57-7a78-4c28-ac01-d86c1c6aaef5",
    "data": [
      {
        "text": "국수",
        "alias": "item",
        "meta": "@item",
        "userDefined": false
      }
    ],
    "isTemplate": false,
    "count": 0,
    "updated": 0
  },
  {
    "id": "adb9c3e2-7db2-4da9-bb92-5534b422b1d1",
    "data": [
      {
        "text": "물",
        "alias": "item",
        "meta": "@item",
        "userDefined": false
      }
    ],
    "isTemplate": false,
    "count": 0,
    "updated": 0
  },
  {
    "id": "45031c57-0bae-4774-9476-1145290ea02a",
    "data": [
      {
        "text": "라면",
        "alias": "item",
        "meta": "@item",
        "userDefined": true
      }
    ],
    "isTemplate": false,
    "count": 0,
    "updated": 0
  }
]