[
  {
    "id": "d4b45f96-0aad-4eb9-922d-03ad8e372178",
    "data": [
      {
        "text": "최종",
        "userDefined": false
      }
    ],
    "isTemplate": false,
    "count": 0,
    "updated": 0
  },
  {
    "id": "177fdfaa-7664-4087-9c2c-0531c93be8d6",
    "data": [
      {
        "text": "결산",
        "userDefined": false
      }
    ],
    "isTemplate": false,
    "count": 0,
    "updated": 0
  },
  {
    "id": "00458790-d4f1-4762-8c67-f6aaa1a9f061",
    "data": [
      {
        "text": "두번째",
        "alias": "number",
        "meta": "@sys.number",
        "userDefined": false
      }
    ],
    "isTemplate": false,
    "count": 0,
    "updated": 0
  },
  {
    "id": "de25b6c8-aa16-434a-833d-7bf98a53c05d",
    "data": [
      {
        "text": "2",
        "alias": "number",
        "meta": "@sys.number",
        "userDefined": false
      }
    ],
    "isTemplate": false,
    "count": 0,
    "updated": 0
  },
  {
    "id": "35944c73-4aa2-4a50-a7e8-5d23e78ad14c",
    "data": [
      {
        "text": "2",
        "alias": "number",
        "meta": "@sys.number",
        "userDefined": false
      },
      {
        "text": ".최종결산",
        "userDefined": false
      }
    ],
    "isTemplate": false,
    "count": 0,
    "updated": 0
  },
  {
    "id": "015ef546-5b39-4e7b-84bd-dcb7a9b884a3",
    "data": [
      {
        "text": "2",
        "alias": "number",
        "meta": "@sys.number",
        "userDefined": false
      },
      {
        "text": ".",
        "userDefined": false
      }
    ],
    "isTemplate": false,
    "count": 0,
    "updated": 0
  },
  {
    "id": "c835daf5-0827-4bed-a139-02548965451f",
    "data": [
      {
        "text": "최종결산",
        "userDefined": false
      }
    ],
    "isTemplate": false,
    "count": 0,
    "updated": 0
  }
]