[
  {
    "id": "f06e278b-ca48-40e5-ad56-f38151c14c52",
    "data": [
      {
        "text": "3.",
        "userDefined": false
      }
    ],
    "isTemplate": false,
    "count": 0,
    "updated": 0
  },
  {
    "id": "2bc48b37-c43a-4ee9-8b6c-514bec34c5d7",
    "data": [
      {
        "text": "3",
        "alias": "number",
        "meta": "@sys.number",
        "userDefined": false
      },
      {
        "text": ".목록",
        "userDefined": false
      }
    ],
    "isTemplate": false,
    "count": 0,
    "updated": 0
  },
  {
    "id": "e41fab83-bf60-4a87-89d1-fc2aaaccb249",
    "data": [
      {
        "text": "리스트 보여줘",
        "userDefined": false
      }
    ],
    "isTemplate": false,
    "count": 0,
    "updated": 0
  },
  {
    "id": "ee950590-1005-46aa-8c9b-57a7c8513feb",
    "data": [
      {
        "text": "리스트",
        "userDefined": false
      }
    ],
    "isTemplate": false,
    "count": 0,
    "updated": 0
  },
  {
    "id": "57a6c9d6-a8dc-486e-a5c8-338964b8ce8c",
    "data": [
      {
        "text": "목록 볼래",
        "userDefined": false
      }
    ],
    "isTemplate": false,
    "count": 0,
    "updated": 0
  },
  {
    "id": "307e1e90-cbfb-47d6-8847-0e90e04737f2",
    "data": [
      {
        "text": "목록 보여줘",
        "userDefined": false
      }
    ],
    "isTemplate": false,
    "count": 0,
    "updated": 0
  },
  {
    "id": "95b1a84d-5dbd-41a1-8efc-4e7ba40e5acf",
    "data": [
      {
        "text": "목록",
        "userDefined": false
      }
    ],
    "isTemplate": false,
    "count": 0,
    "updated": 0
  },
  {
    "id": "8c8f3380-85bc-4677-92db-b70d0ca88b4b",
    "data": [
      {
        "text": "목록보기모",
        "userDefined": false
      }
    ],
    "isTemplate": false,
    "count": 0,
    "updated": 0
  }
]